id,first_name,last_name,email,gender,ip_address
1,Sander,Fant,sfant0@discovery.com,Male,171.163.230.80
2,Pip,Wolford,pwolford1@mail.ru,Male,72.133.85.80
3,Arturo,Budgeon,abudgeon2@infoseek.co.jp,Male,35.111.78.159
4,Isacco,Elies,ielies3@ebay.co.uk,Male,202.228.65.32
5,Berton,Bendelow,bbendelow4@upenn.edu,Male,144.200.118.208
6,Camile,Arnoldi,carnoldi5@cnet.com,Female,8.179.46.197
7,Josefina,Lazonby,jlazonby6@umn.edu,Female,255.7.212.111
8,Trey,Hosby,thosby7@printfriendly.com,Male,51.199.90.68
9,Nicoli,Woolvett,nwoolvett8@alexa.com,Female,194.205.233.51
10,Nanni,Baldcock,nbaldcock9@nifty.com,Female,136.112.186.175
